0,提供された資料からは、ご質問に対する回答を見つけることができませんでした。
1,提供された資料からは、ご質問に対する回答を見つけることができませんでした。
2,提供された資料からは、ご質問に対する回答を見つけることができませんでした。
3,提供された資料からは、ご質問に対する回答を見つけることができませんでした。
4,提供された資料からは、ご質問に対する回答を見つけることができませんでした。
5,提供された資料からは、ご質問に対する回答を見つけることができませんでした。
6,"提案時の税込み見込み金額は4,675,000円、最終請求金額(実績工数170時間ベース)も4,675,000円であり、両者に差額はありません(差額0円)。実績工数が見込工数170時間と一致したため、税込金額も同額となっています。"
7,提供された資料からは、ご質問に対する回答を見つけることができませんでした。
8,"MLエンジニアの米国平均給与は約140,000ドル、データエンジニアは125,256ドルであり、その差は約14,744ドル（資料内では「5万ドル以上」とされているのはデータアナリストとの比較であり、MLエンジニアとデータエンジニアの差自体は約1.5万ドル程度です）。"
9,提供された資料からは、ご質問に対する回答を見つけることができませんでした。
10,提供された資料からは、ご質問に対する回答を見つけることができませんでした。
11,提供された資料からは、ご質問に対する回答を見つけることができませんでした。
12,提供された資料からは、ご質問に対する回答を見つけることができませんでした。
13,提供された資料からは、ご質問に対する回答を見つけることができませんでした。
14,提供された資料からは、ご質問に対する回答を見つけることができませんでした。
15,提供された資料からは、ご質問に対する回答を見つけることができませんでした。
16,提供された資料からは、ご質問に対する回答を見つけることができませんでした。
17,提供された資料からは、ご質問に対する回答を見つけることができませんでした。
18,提供された資料からは、ご質問に対する回答を見つけることができませんでした。
19,提供された資料からは、ご質問に対する回答を見つけることができませんでした。
20,提供された資料からは、ご質問に対する回答を見つけることができませんでした。
21,山田太一氏で、役職は人材戦略部長です。
22,提供された資料からは、ご質問に対する回答を見つけることができませんでした。
23,"ACTHが155時間10分の場合、工数計上単位30分（30分未満切り上げ）のルールにより155時間30分（155.5時間）として計上されます。税抜金額は155.5時間×25,000円＝3,887,500円、消費税10%は388,750円、税込金額は4,276,250円となります。提案書記載の見込税込金額4,675,000円との差額は、4,675,000円－4,276,250円＝398,750円の減額となります。"
24,提供された資料からは、ご質問に対する回答を見つけることができませんでした。
25,提供された資料からは、ご質問に対する回答を見つけることができませんでした。
26,提供された資料からは、ご質問に対する回答を見つけることができませんでした。
27,スコープ外（対象外）として挙げられている項目は5つです。具体的には「実運用システム実装」「電子カルテ連携」「外部データ取得」「継続運用基盤（MLOps）」「臨床診断の最終決定」です。
28,提供された資料からは、ご質問に対する回答を見つけることができませんでした。
29,提供された資料からは、ご質問に対する回答を見つけることができませんでした。
30,提供された資料からは、ご質問に対する回答を見つけることができませんでした。
31,提供された資料からは、ご質問に対する回答を見つけることができませんでした。
32,提供された資料からは、ご質問に対する回答を見つけることができませんでした。
33,提供された資料からは、ご質問に対する回答を見つけることができませんでした。
34,提供された資料からは、ご質問に対する回答を見つけることができませんでした。
35,提供された資料からは、ご質問に対する回答を見つけることができませんでした。
36,中間報告時点のF1スコア（f1_macro）は0.7329671168078127、最終報告時点のF1スコア（F1-macro）は0.829でした。両者の差の絶対値は約0.0960（0.096）です。
37,提供された資料からは、ご質問に対する回答を見つけることができませんでした。
38,提供された資料からは、ご質問に対する回答を見つけることができませんでした。
39,提供された資料からは、ご質問に対する回答を見つけることができませんでした。
40,提供された資料からは、ご質問に対する回答を見つけることができませんでした。
41,提供された資料からは、ご質問に対する回答を見つけることができませんでした。
42,Sheet1のF22（黄色ハイライト、値35.950927843529414）は「bmiの平均」を表す集計セルです。同じ行のD22=2、E22=39から判断すると、これは何らかの区分値が「2」（例:childrenの数など）に該当するレコードを抽出し、その該当件数39件についてbmiの平均値を算出した結果と考えられます。
43,石川 直樹（人事戦略部長）です。
44,提供された資料からは、ご質問に対する回答を見つけることができませんでした。
45,提供された資料からは、ご質問に対する回答を見つけることができませんでした。
46,提供された資料からは、ご質問に対する回答を見つけることができませんでした。
47,提供された資料からは、ご質問に対する回答を見つけることができませんでした。
48,"「100万ドル超~500万ドル以下」の価格帯です。現行税率が1.00%~1.50%(上限側)から新税率1.425%への変更となるため、他の価格帯(50万ドル超~100万ドル以下:0.0%→1.425%で+1.425pt、500万ドル超~1,000万ドル以下:2.25%→3.675%で+1.425pt)に比べ、税率の絶対的な増加幅が最も小さくなります(現行税率の上限1.50%を基準にすると実質的にはわずかな減少、下限1.00%を基準にしても+0.425ptにとどまります)。"
49,提供された資料からは、ご質問に対する回答を見つけることができませんでした。
50,提供された資料からは、ご質問に対する回答を見つけることができませんでした。
51,提供された資料からは、ご質問に対する回答を見つけることができませんでした。
52,契約書の「14. 特約事項（追加対応の扱い）」にて、本契約範囲外の追加対応について、データアステル（乙）側の役割が別契約（別紙見積による正式合意）として明記されています。具体的には、本契約範囲外の追加対応は別紙見積にて金額・納期を事前合意のうえ実施すること、契約スコープ外の要望が発生した場合は影響範囲を整理し、別紙見積による正式合意後に限り乙が追加対応を実施すること、また追加対応は本契約の固定報酬には含まれず別途合意した条件に従うことが定められています。
53,TOTO（東都人材プラットフォーム）のFR書（最終報告資料）に記載の選択特徴量14変数のうち、エンジニアリング特徴量（ENG-FT）は6つです（Age_ord、Exp_ord、Edu_ord、Age×Exp、Age-Exp、Edu×Exp）。残り8つ（Gender、Age、Country、Education、Major、Profession、Industry、Experience）は原特徴量となります。
54,提供された資料からは、ご質問に対する回答を見つけることができませんでした。
55,提供された資料からは、ご質問に対する回答を見つけることができませんでした。
56,提供された資料からは、ご質問に対する回答を見つけることができませんでした。
57,提供された資料からは、ご質問に対する回答を見つけることができませんでした。
58,提供された資料からは、ご質問に対する回答を見つけることができませんでした。
59,提供された資料からは、ご質問に対する回答を見つけることができませんでした。
60,最終報告資料内で未完事項（要アクション）として挙げられているIDは、AI-05、AI-08、AI-09の3件です。
61,提供された資料からは、ご質問に対する回答を見つけることができませんでした。
62,提供された資料からは、ご質問に対する回答を見つけることができませんでした。
63,提供された資料からは、ご質問に対する回答を見つけることができませんでした。
64,提供された資料からは、ご質問に対する回答を見つけることができませんでした。
65,提供された資料からは、ご質問に対する回答を見つけることができませんでした。
66,提供された資料からは、ご質問に対する回答を見つけることができませんでした。
67,提供された資料からは、ご質問に対する回答を見つけることができませんでした。
68,提供された資料からは、ご質問に対する回答を見つけることができませんでした。
69,パイロット運用は本番化スケジュール上でW6からW7に実施予定です。
70,提供された資料からは、ご質問に対する回答を見つけることができませんでした。
71,"会議録の中で太字・下線・イタリックのすべてに該当する箇所は、会議録_2025-08-06.docxにある「4,250,000円」という記述の1箇所のみです。これは想定工数170hに関する見込金額の記載部分に含まれています。"
72,提供された資料からは、ご質問に対する回答を見つけることができませんでした。
73,提供された資料からは、ご質問に対する回答を見つけることができませんでした。
74,提供された資料からは、ご質問に対する回答を見つけることができませんでした。
75,提供された資料からは、ご質問に対する回答を見つけることができませんでした。
76,"文書に記載されている工数170時間・単価25,000円を基準（税込4,675,000円）とすると、契約単価が2,000円高い27,000円、実績工数が11.2時間少ない158.8時間の場合の税込請求額は 158.8時間×27,000円=4,287,600円（税抜）×1.1=4,716,360円 となります。したがって実際の税込請求金額（4,675,000円）と比べて 41,360円増加 します。"
77,Sheet2のE14セルは、B列(region)が「southeast」、D列(smoker)が「no」という条件に該当するデータを抽出し、その条件に合致するレコードの「age」列の値を合計した結果が4674であることを示しています。同じ行にはcharges関連と思われるC14=6763.4998955300025、F14=3825.3051614199981の値もあり、region=southeast かつ smoker=no の集計行の一部としてageの合計値がハイライトされています。
78,提供された資料からは、ご質問に対する回答を見つけることができませんでした。
79,提供された資料からは、ご質問に対する回答を見つけることができませんでした。
80,提供された資料からは、ご質問に対する回答を見つけることができませんでした。
81,参考文書に記載されている太字箇所は「契約締結日兼効力発生日：2025-10-01」です。
82,提供された資料からは、ご質問に対する回答を見つけることができませんでした。
83,提供された資料からは、ご質問に対する回答を見つけることができませんでした。
84,提供された資料からは、ご質問に対する回答を見つけることができませんでした。
85,最終報告の資料では、全6項目のKPIすべてが「達成」と評価されており、未達成とされた項目はありません。
86,提供された資料からは、ご質問に対する回答を見つけることができませんでした。
87,提供された資料からは、ご質問に対する回答を見つけることができませんでした。
88,提供された資料からは、ご質問に対する回答を見つけることができませんでした。
89,提供された資料からは、ご質問に対する回答を見つけることができませんでした。
90,提供された資料からは、ご質問に対する回答を見つけることができませんでした。
91,提供された資料からは、ご質問に対する回答を見つけることができませんでした。
92,提供された資料からは、ご質問に対する回答を見つけることができませんでした。
93,提供された資料からは、ご質問に対する回答を見つけることができませんでした。
94,提供された資料からは、ご質問に対する回答を見つけることができませんでした。
95,r1とr2の主な差異はステータスが「未着手」から「完了」への変更ですが、それ以外にも1件、担当者の変更点があります。タスクT15「モデル評価・重要特徴量整理」について、r1では担当者が「渡辺 遥」のみでしたが、r2では「渡辺 遥 / 小林 直樹」に変更されており、小林 直樹が担当者として追加されています。その他のタスク（依存関係、日程、成果物、詳細内容など）に変更は見られませんでした。
96,提供された資料からは、ご質問に対する回答を見つけることができませんでした。
97,提供された資料からは、ご質問に対する回答を見つけることができませんでした。
98,提供された資料からは、ご質問に対する回答を見つけることができませんでした。
99,提供された資料からは、ご質問に対する回答を見つけることができませんでした。
